,name,link,min_money,max_money,value,site
0,Инженер-теплотехник,https://hh.ru/vacancy/49186939?from=vacancy_search_list&query=%D0%A2%D0%B5%D0%BF%D0%BB%D0%BE%D1%8D%D0%BD%D0%B5%D1%80%D0%B3%D0%B5%D1%82%D0%B8%D0%BA,,,,https://www.hh.ru/search/vacancy
1,Инженер теплотехник,https://hh.ru/vacancy/48469037?from=vacancy_search_list&query=%D0%A2%D0%B5%D0%BF%D0%BB%D0%BE%D1%8D%D0%BD%D0%B5%D1%80%D0%B3%D0%B5%D1%82%D0%B8%D0%BA,80000.0,,руб.,https://www.hh.ru/search/vacancy
2,Ведущий инженер-теплотехник,https://hh.ru/vacancy/44152240?from=vacancy_search_list&query=%D0%A2%D0%B5%D0%BF%D0%BB%D0%BE%D1%8D%D0%BD%D0%B5%D1%80%D0%B3%D0%B5%D1%82%D0%B8%D0%BA,90000.0,,руб.,https://www.hh.ru/search/vacancy
3,Инженер-теплотехник,https://hh.ru/vacancy/47890399?from=vacancy_search_list&query=%D0%A2%D0%B5%D0%BF%D0%BB%D0%BE%D1%8D%D0%BD%D0%B5%D1%80%D0%B3%D0%B5%D1%82%D0%B8%D0%BA,70000.0,75000.0,руб.,https://www.hh.ru/search/vacancy
4,Инженер-теполоэнергетик,https://hh.ru/vacancy/49162440?from=vacancy_search_list&query=%D0%A2%D0%B5%D0%BF%D0%BB%D0%BE%D1%8D%D0%BD%D0%B5%D1%80%D0%B3%D0%B5%D1%82%D0%B8%D0%BA,,70000,руб.,https://www.hh.ru/search/vacancy
5,Ведущий инженер-теплоэнергетик,https://hh.ru/vacancy/47754868?from=vacancy_search_list&query=%D0%A2%D0%B5%D0%BF%D0%BB%D0%BE%D1%8D%D0%BD%D0%B5%D1%80%D0%B3%D0%B5%D1%82%D0%B8%D0%BA,70000.0,73000.0,руб.,https://www.hh.ru/search/vacancy
6,"Слесарь ( теплоэнергетика, теплоснабжение)",https://hh.ru/vacancy/41895382?from=vacancy_search_list&query=%D0%A2%D0%B5%D0%BF%D0%BB%D0%BE%D1%8D%D0%BD%D0%B5%D1%80%D0%B3%D0%B5%D1%82%D0%B8%D0%BA,60000.0,,руб.,https://www.hh.ru/search/vacancy
7,Дефектоскопист (теплоэнергетика),https://hh.ru/vacancy/47670868?from=vacancy_search_list&query=%D0%A2%D0%B5%D0%BF%D0%BB%D0%BE%D1%8D%D0%BD%D0%B5%D1%80%D0%B3%D0%B5%D1%82%D0%B8%D0%BA,75000.0,90000.0,руб.,https://www.hh.ru/search/vacancy
8,Инженер-теплоэнергетик (котельное топливо),https://hh.ru/vacancy/47755036?from=vacancy_search_list&query=%D0%A2%D0%B5%D0%BF%D0%BB%D0%BE%D1%8D%D0%BD%D0%B5%D1%80%D0%B3%D0%B5%D1%82%D0%B8%D0%BA,56000.0,56000.0,руб.,https://www.hh.ru/search/vacancy
9,Инженер-теплоэнергетик,https://hh.ru/vacancy/47466312?from=vacancy_search_list&query=%D0%A2%D0%B5%D0%BF%D0%BB%D0%BE%D1%8D%D0%BD%D0%B5%D1%80%D0%B3%D0%B5%D1%82%D0%B8%D0%BA,50000.0,50000.0,руб.,https://www.hh.ru/search/vacancy
10,Инженер-теплотехник,https://hh.ru/vacancy/49080152?from=vacancy_search_list&query=%D0%A2%D0%B5%D0%BF%D0%BB%D0%BE%D1%8D%D0%BD%D0%B5%D1%80%D0%B3%D0%B5%D1%82%D0%B8%D0%BA,,,,https://www.hh.ru/search/vacancy
11,Ведущий инженер (теплотехник/теплоэнергетик),https://hh.ru/vacancy/46480124?from=vacancy_search_list&query=%D0%A2%D0%B5%D0%BF%D0%BB%D0%BE%D1%8D%D0%BD%D0%B5%D1%80%D0%B3%D0%B5%D1%82%D0%B8%D0%BA,70000.0,85000.0,руб.,https://www.hh.ru/search/vacancy
12,Ведущий инженер (теплоэнергетика),https://hh.ru/vacancy/48833488?from=vacancy_search_list&query=%D0%A2%D0%B5%D0%BF%D0%BB%D0%BE%D1%8D%D0%BD%D0%B5%D1%80%D0%B3%D0%B5%D1%82%D0%B8%D0%BA,,,,https://www.hh.ru/search/vacancy
13,Главный специалист (теплоэнергетика),https://hh.ru/vacancy/48833238?from=vacancy_search_list&query=%D0%A2%D0%B5%D0%BF%D0%BB%D0%BE%D1%8D%D0%BD%D0%B5%D1%80%D0%B3%D0%B5%D1%82%D0%B8%D0%BA,,,,https://www.hh.ru/search/vacancy
14,Специалист теплоэнергетик,https://hh.ru/vacancy/48586582?from=vacancy_search_list&query=%D0%A2%D0%B5%D0%BF%D0%BB%D0%BE%D1%8D%D0%BD%D0%B5%D1%80%D0%B3%D0%B5%D1%82%D0%B8%D0%BA,110000.0,,руб.,https://www.hh.ru/search/vacancy
15,Инженер-теплоэнергетик,https://hh.ru/vacancy/47692497?from=vacancy_search_list&query=%D0%A2%D0%B5%D0%BF%D0%BB%D0%BE%D1%8D%D0%BD%D0%B5%D1%80%D0%B3%D0%B5%D1%82%D0%B8%D0%BA,,,,https://www.hh.ru/search/vacancy
16,Инженер-теплотехник,https://hh.ru/vacancy/47928689?from=vacancy_search_list&query=%D0%A2%D0%B5%D0%BF%D0%BB%D0%BE%D1%8D%D0%BD%D0%B5%D1%80%D0%B3%D0%B5%D1%82%D0%B8%D0%BA,,55000,руб.,https://www.hh.ru/search/vacancy
17,Инженер-теплотехник,https://hh.ru/vacancy/48448492?from=vacancy_search_list&query=%D0%A2%D0%B5%D0%BF%D0%BB%D0%BE%D1%8D%D0%BD%D0%B5%D1%80%D0%B3%D0%B5%D1%82%D0%B8%D0%BA,100000.0,,руб.,https://www.hh.ru/search/vacancy
18,Инженер-теплотехник,https://hh.ru/vacancy/48722426?from=vacancy_search_list&query=%D0%A2%D0%B5%D0%BF%D0%BB%D0%BE%D1%8D%D0%BD%D0%B5%D1%80%D0%B3%D0%B5%D1%82%D0%B8%D0%BA,50000.0,100000.0,руб.,https://www.hh.ru/search/vacancy
19,Инженер-проектировщик теплоэнергетик (ТМ),https://hh.ru/vacancy/48529758?from=vacancy_search_list&query=%D0%A2%D0%B5%D0%BF%D0%BB%D0%BE%D1%8D%D0%BD%D0%B5%D1%80%D0%B3%D0%B5%D1%82%D0%B8%D0%BA,40000.0,40000.0,руб.,https://www.hh.ru/search/vacancy
20,"Инженер-технолог (проектировщик ТХ, ПВ)",https://hh.ru/vacancy/49206224?from=vacancy_search_list&query=%D0%A2%D0%B5%D0%BF%D0%BB%D0%BE%D1%8D%D0%BD%D0%B5%D1%80%D0%B3%D0%B5%D1%82%D0%B8%D0%BA,80000.0,100000.0,руб.,https://www.hh.ru/search/vacancy
21,Ведущий инженер по наружным сетям,https://hh.ru/vacancy/49116769?from=vacancy_search_list&query=%D0%A2%D0%B5%D0%BF%D0%BB%D0%BE%D1%8D%D0%BD%D0%B5%D1%80%D0%B3%D0%B5%D1%82%D0%B8%D0%BA,100000.0,120000.0,руб.,https://www.hh.ru/search/vacancy
22,Менеджер по продажам теплообменников и тепловых пунктов / Специалист по работе с клиентами,https://hh.ru/vacancy/49218074?from=vacancy_search_list&query=%D0%A2%D0%B5%D0%BF%D0%BB%D0%BE%D1%8D%D0%BD%D0%B5%D1%80%D0%B3%D0%B5%D1%82%D0%B8%D0%BA,100000.0,150000.0,руб.,https://www.hh.ru/search/vacancy
23,Специалист по ИРД по инженерным сетям,https://hh.ru/vacancy/48931611?from=vacancy_search_list&query=%D0%A2%D0%B5%D0%BF%D0%BB%D0%BE%D1%8D%D0%BD%D0%B5%D1%80%D0%B3%D0%B5%D1%82%D0%B8%D0%BA,,,,https://www.hh.ru/search/vacancy
24,Главный специалист/сметчик,https://hh.ru/vacancy/48757280?from=vacancy_search_list&query=%D0%A2%D0%B5%D0%BF%D0%BB%D0%BE%D1%8D%D0%BD%D0%B5%D1%80%D0%B3%D0%B5%D1%82%D0%B8%D0%BA,84825.0,,руб.,https://www.hh.ru/search/vacancy
25,Техник по вентиляции и кондиционированию,https://hh.ru/vacancy/48366293?from=vacancy_search_list&query=%D0%A2%D0%B5%D0%BF%D0%BB%D0%BE%D1%8D%D0%BD%D0%B5%D1%80%D0%B3%D0%B5%D1%82%D0%B8%D0%BA,45000.0,50000.0,руб.,https://www.hh.ru/search/vacancy
26,Начальник участка внутренних инженерных сетей и систем,https://hh.ru/vacancy/48118997?from=vacancy_search_list&query=%D0%A2%D0%B5%D0%BF%D0%BB%D0%BE%D1%8D%D0%BD%D0%B5%D1%80%D0%B3%D0%B5%D1%82%D0%B8%D0%BA,,,,https://www.hh.ru/search/vacancy
27,Ведущий Инженер-конструктор,https://hh.ru/vacancy/49219175?from=vacancy_search_list&query=%D0%A2%D0%B5%D0%BF%D0%BB%D0%BE%D1%8D%D0%BD%D0%B5%D1%80%D0%B3%D0%B5%D1%82%D0%B8%D0%BA,,,,https://www.hh.ru/search/vacancy
28,"Инженер-проектировщик (Отопление, Вентиляция) РСУ",https://hh.ru/vacancy/46350797?from=vacancy_search_list&query=%D0%A2%D0%B5%D0%BF%D0%BB%D0%BE%D1%8D%D0%BD%D0%B5%D1%80%D0%B3%D0%B5%D1%82%D0%B8%D0%BA,85000.0,,руб.,https://www.hh.ru/search/vacancy
29,Ведущий менеджер по продаже отопительного оборудования,https://hh.ru/vacancy/48618794?from=vacancy_search_list&query=%D0%A2%D0%B5%D0%BF%D0%BB%D0%BE%D1%8D%D0%BD%D0%B5%D1%80%D0%B3%D0%B5%D1%82%D0%B8%D0%BA,100000.0,,руб.,https://www.hh.ru/search/vacancy
30,Менеджер по продажам оборудования (г. Щелково),https://hh.ru/vacancy/48454129?from=vacancy_search_list&query=%D0%A2%D0%B5%D0%BF%D0%BB%D0%BE%D1%8D%D0%BD%D0%B5%D1%80%D0%B3%D0%B5%D1%82%D0%B8%D0%BA,60000.0,120000.0,руб.,https://www.hh.ru/search/vacancy
31,"Советник, Отдел развития и нормативно-методологического обеспечения/Департамента электроэнергетики",https://hh.ru/vacancy/49259139?from=vacancy_search_list&query=%D0%A2%D0%B5%D0%BF%D0%BB%D0%BE%D1%8D%D0%BD%D0%B5%D1%80%D0%B3%D0%B5%D1%82%D0%B8%D0%BA,,,,https://www.hh.ru/search/vacancy
32,Ведущий эксперт,https://hh.ru/vacancy/48794252?from=vacancy_search_list&query=%D0%A2%D0%B5%D0%BF%D0%BB%D0%BE%D1%8D%D0%BD%D0%B5%D1%80%D0%B3%D0%B5%D1%82%D0%B8%D0%BA,,,,https://www.hh.ru/search/vacancy
33,Начальник АХО/Управляющий коммерческой недвижимостью/Объектами (Эксплуатация БЦ/ТЦ/Street-Retail),https://hh.ru/vacancy/49082035?from=vacancy_search_list&query=%D0%A2%D0%B5%D0%BF%D0%BB%D0%BE%D1%8D%D0%BD%D0%B5%D1%80%D0%B3%D0%B5%D1%82%D0%B8%D0%BA,80000.0,,руб.,https://www.hh.ru/search/vacancy
34,Начальник отделения учета и списания котельного топлива,https://hh.ru/vacancy/47466235?from=vacancy_search_list&query=%D0%A2%D0%B5%D0%BF%D0%BB%D0%BE%D1%8D%D0%BD%D0%B5%D1%80%D0%B3%D0%B5%D1%82%D0%B8%D0%BA,60000.0,60000.0,руб.,https://www.hh.ru/search/vacancy
35,Бренд-менеджер (инженерная сантехника),https://hh.ru/vacancy/49235437?from=vacancy_search_list&query=%D0%A2%D0%B5%D0%BF%D0%BB%D0%BE%D1%8D%D0%BD%D0%B5%D1%80%D0%B3%D0%B5%D1%82%D0%B8%D0%BA,110000.0,130000.0,руб.,https://www.hh.ru/search/vacancy
36,Инженер-программист отдела по наладке,https://hh.ru/vacancy/46392856?from=vacancy_search_list&query=%D0%A2%D0%B5%D0%BF%D0%BB%D0%BE%D1%8D%D0%BD%D0%B5%D1%80%D0%B3%D0%B5%D1%82%D0%B8%D0%BA,,,,https://www.hh.ru/search/vacancy
37,Специалист отдела сопровождения информационных систем,https://hh.ru/vacancy/46186977?from=vacancy_search_list&query=%D0%A2%D0%B5%D0%BF%D0%BB%D0%BE%D1%8D%D0%BD%D0%B5%D1%80%D0%B3%D0%B5%D1%82%D0%B8%D0%BA,,,,https://www.hh.ru/search/vacancy
38,"Бизнес архитектор направления IoT (ЖКХ, Энергетика)",https://hh.ru/vacancy/49259353?from=vacancy_search_list&query=%D0%A2%D0%B5%D0%BF%D0%BB%D0%BE%D1%8D%D0%BD%D0%B5%D1%80%D0%B3%D0%B5%D1%82%D0%B8%D0%BA,,,,https://www.hh.ru/search/vacancy
39,Инженер-теплотехник,https://hh.ru/vacancy/46164741?from=vacancy_search_list&query=%D0%A2%D0%B5%D0%BF%D0%BB%D0%BE%D1%8D%D0%BD%D0%B5%D1%80%D0%B3%D0%B5%D1%82%D0%B8%D0%BA,43000.0,,руб.,https://www.hh.ru/search/vacancy
40,Инженер - теплотехник (Леруа Мерлен Мытищи),https://hh.ru/vacancy/46601377?from=vacancy_search_list&query=%D0%A2%D0%B5%D0%BF%D0%BB%D0%BE%D1%8D%D0%BD%D0%B5%D1%80%D0%B3%D0%B5%D1%82%D0%B8%D0%BA,,,,https://www.hh.ru/search/vacancy
41,"Инженер по эксплуатации здания - теплотехник (Леруа Мерлен, г. Наро Фоминск)",https://hh.ru/vacancy/47703324?from=vacancy_search_list&query=%D0%A2%D0%B5%D0%BF%D0%BB%D0%BE%D1%8D%D0%BD%D0%B5%D1%80%D0%B3%D0%B5%D1%82%D0%B8%D0%BA,70000.0,80000.0,руб.,https://www.hh.ru/search/vacancy
42,Главный специалист/инженер-проектировщик АСУ ТП,https://hh.ru/vacancy/47333565?from=vacancy_search_list&query=%D0%A2%D0%B5%D0%BF%D0%BB%D0%BE%D1%8D%D0%BD%D0%B5%D1%80%D0%B3%D0%B5%D1%82%D0%B8%D0%BA,115000.0,,руб.,https://www.hh.ru/search/vacancy
43,Главный специалист/инженер-проектировщик КИПиА,https://hh.ru/vacancy/47333476?from=vacancy_search_list&query=%D0%A2%D0%B5%D0%BF%D0%BB%D0%BE%D1%8D%D0%BD%D0%B5%D1%80%D0%B3%D0%B5%D1%82%D0%B8%D0%BA,115000.0,,руб.,https://www.hh.ru/search/vacancy
44,Ведущий инженер-проектировщик АСУ ТП,https://hh.ru/vacancy/47333525?from=vacancy_search_list&query=%D0%A2%D0%B5%D0%BF%D0%BB%D0%BE%D1%8D%D0%BD%D0%B5%D1%80%D0%B3%D0%B5%D1%82%D0%B8%D0%BA,100000.0,,руб.,https://www.hh.ru/search/vacancy
45,Инженер-проектировщик 1 категории АСУ ТП,https://hh.ru/vacancy/47333504?from=vacancy_search_list&query=%D0%A2%D0%B5%D0%BF%D0%BB%D0%BE%D1%8D%D0%BD%D0%B5%D1%80%D0%B3%D0%B5%D1%82%D0%B8%D0%BA,70000.0,,руб.,https://www.hh.ru/search/vacancy
46,Инженер-проектировщик группы релейной защиты и автоматики,https://hh.ru/vacancy/42438242?from=vacancy_search_list&query=%D0%A2%D0%B5%D0%BF%D0%BB%D0%BE%D1%8D%D0%BD%D0%B5%D1%80%D0%B3%D0%B5%D1%82%D0%B8%D0%BA,,,,https://www.hh.ru/search/vacancy
47,Ведущий инженер-проектировщик группы релейной защиты и автоматики,https://hh.ru/vacancy/45805781?from=vacancy_search_list&query=%D0%A2%D0%B5%D0%BF%D0%BB%D0%BE%D1%8D%D0%BD%D0%B5%D1%80%D0%B3%D0%B5%D1%82%D0%B8%D0%BA,,,,https://www.hh.ru/search/vacancy
48,Заместитель директора филиала по строительству объектов энергоблока в Народной Республике Бангладеш,https://hh.ru/vacancy/45372540?from=vacancy_search_list&query=%D0%A2%D0%B5%D0%BF%D0%BB%D0%BE%D1%8D%D0%BD%D0%B5%D1%80%D0%B3%D0%B5%D1%82%D0%B8%D0%BA,,,,https://www.hh.ru/search/vacancy
49,Главный специалист-проектировщик релейной защиты и автоматики,https://hh.ru/vacancy/45910996?from=vacancy_search_list&query=%D0%A2%D0%B5%D0%BF%D0%BB%D0%BE%D1%8D%D0%BD%D0%B5%D1%80%D0%B3%D0%B5%D1%82%D0%B8%D0%BA,110000.0,,руб.,https://www.hh.ru/search/vacancy
50,Главный специалист строительного отдела/Конструктор,https://hh.ru/vacancy/45805630?from=vacancy_search_list&query=%D0%A2%D0%B5%D0%BF%D0%BB%D0%BE%D1%8D%D0%BD%D0%B5%D1%80%D0%B3%D0%B5%D1%82%D0%B8%D0%BA,,150000,руб.,https://www.hh.ru/search/vacancy
51,Инженер 1 категории строительного отдела/конструктор,https://hh.ru/vacancy/41761867?from=vacancy_search_list&query=%D0%A2%D0%B5%D0%BF%D0%BB%D0%BE%D1%8D%D0%BD%D0%B5%D1%80%D0%B3%D0%B5%D1%82%D0%B8%D0%BA,70000.0,,руб.,https://www.hh.ru/search/vacancy
52,Монтажник технологических трубопроводов,https://hh.ru/vacancy/49097974?from=vacancy_search_list&query=%D0%A2%D0%B5%D0%BF%D0%BB%D0%BE%D1%8D%D0%BD%D0%B5%D1%80%D0%B3%D0%B5%D1%82%D0%B8%D0%BA,,,,https://www.hh.ru/search/vacancy
53,Заместитель директора филиала по СМР (Бангладеш),https://hh.ru/vacancy/49115878?from=vacancy_search_list&query=%D0%A2%D0%B5%D0%BF%D0%BB%D0%BE%D1%8D%D0%BD%D0%B5%D1%80%D0%B3%D0%B5%D1%82%D0%B8%D0%BA,,,,https://www.hh.ru/search/vacancy
54,Электрогазосварщик,https://hh.ru/vacancy/49097868?from=vacancy_search_list&query=%D0%A2%D0%B5%D0%BF%D0%BB%D0%BE%D1%8D%D0%BD%D0%B5%D1%80%D0%B3%D0%B5%D1%82%D0%B8%D0%BA,,,,https://www.hh.ru/search/vacancy
55,Менеджер по продажам интернет магазина,https://hh.ru/vacancy/49127724?from=vacancy_search_list&query=%D0%A2%D0%B5%D0%BF%D0%BB%D0%BE%D1%8D%D0%BD%D0%B5%D1%80%D0%B3%D0%B5%D1%82%D0%B8%D0%BA,50000.0,70000.0,руб.,https://www.hh.ru/search/vacancy
56,Механик,https://hh.ru/vacancy/49092592?from=vacancy_search_list&query=%D0%A2%D0%B5%D0%BF%D0%BB%D0%BE%D1%8D%D0%BD%D0%B5%D1%80%D0%B3%D0%B5%D1%82%D0%B8%D0%BA,45000.0,,руб.,https://www.hh.ru/search/vacancy
57,"Специалист 1,2 категории Договорного отдела",https://hh.ru/vacancy/44899540?from=vacancy_search_list&query=%D0%A2%D0%B5%D0%BF%D0%BB%D0%BE%D1%8D%D0%BD%D0%B5%D1%80%D0%B3%D0%B5%D1%82%D0%B8%D0%BA,,,,https://www.hh.ru/search/vacancy
58,Инженер - теплотехник (ЖКХ),https://hh.ru/vacancy/47464488?from=vacancy_search_list&query=%D0%A2%D0%B5%D0%BF%D0%BB%D0%BE%D1%8D%D0%BD%D0%B5%D1%80%D0%B3%D0%B5%D1%82%D0%B8%D0%BA,,,,https://www.hh.ru/search/vacancy
59,Инженер-Технолог (теплотехник),https://hh.ru/vacancy/47336113?from=vacancy_search_list&query=%D0%A2%D0%B5%D0%BF%D0%BB%D0%BE%D1%8D%D0%BD%D0%B5%D1%80%D0%B3%D0%B5%D1%82%D0%B8%D0%BA,,68250,руб.,https://www.hh.ru/search/vacancy
60,Инженер на участок вентиляции и холодоснабжения,https://hh.ru/vacancy/48968817?from=vacancy_search_list&query=%D0%A2%D0%B5%D0%BF%D0%BB%D0%BE%D1%8D%D0%BD%D0%B5%D1%80%D0%B3%D0%B5%D1%82%D0%B8%D0%BA,80000.0,,руб.,https://www.hh.ru/search/vacancy
61,Начальник отдела технического надзора (EPC - проект на Ближнем Востоке),https://hh.ru/vacancy/48240225?from=vacancy_search_list&query=%D0%A2%D0%B5%D0%BF%D0%BB%D0%BE%D1%8D%D0%BD%D0%B5%D1%80%D0%B3%D0%B5%D1%82%D0%B8%D0%BA,,,,https://www.hh.ru/search/vacancy
62,Машинист-обходчик по турбинному оборудованию (ЮАО),https://hh.ru/vacancy/46533539?from=vacancy_search_list&query=%D0%A2%D0%B5%D0%BF%D0%BB%D0%BE%D1%8D%D0%BD%D0%B5%D1%80%D0%B3%D0%B5%D1%82%D0%B8%D0%BA,50000.0,55000.0,руб.,https://www.hh.ru/search/vacancy
63,Специалист по закупкам,https://hh.ru/vacancy/48120962?from=vacancy_search_list&query=%D0%A2%D0%B5%D0%BF%D0%BB%D0%BE%D1%8D%D0%BD%D0%B5%D1%80%D0%B3%D0%B5%D1%82%D0%B8%D0%BA,,,,https://www.hh.ru/search/vacancy
64,"Инженер-проектировщик (схемы теплоснабжения, удаленно)",https://hh.ru/vacancy/49090104?from=vacancy_search_list&query=%D0%A2%D0%B5%D0%BF%D0%BB%D0%BE%D1%8D%D0%BD%D0%B5%D1%80%D0%B3%D0%B5%D1%82%D0%B8%D0%BA,,,,https://www.hh.ru/search/vacancy
65,Слесарь-теплотехник,https://hh.ru/vacancy/48647671?from=vacancy_search_list&query=%D0%A2%D0%B5%D0%BF%D0%BB%D0%BE%D1%8D%D0%BD%D0%B5%D1%80%D0%B3%D0%B5%D1%82%D0%B8%D0%BA,,,,https://www.hh.ru/search/vacancy
66,Ведущий инженер по КИП (проект на Ближнем Востоке),https://hh.ru/vacancy/48147932?from=vacancy_search_list&query=%D0%A2%D0%B5%D0%BF%D0%BB%D0%BE%D1%8D%D0%BD%D0%B5%D1%80%D0%B3%D0%B5%D1%82%D0%B8%D0%BA,,,,https://www.hh.ru/search/vacancy
67,"Главный специалист отдела эксплуатации, ремонта и реконструкции",https://hh.ru/vacancy/48950207?from=vacancy_search_list&query=%D0%A2%D0%B5%D0%BF%D0%BB%D0%BE%D1%8D%D0%BD%D0%B5%D1%80%D0%B3%D0%B5%D1%82%D0%B8%D0%BA,,,,https://www.hh.ru/search/vacancy
68,Инженер (специалист) отдела испытаний,https://hh.ru/vacancy/48970642?from=vacancy_search_list&query=%D0%A2%D0%B5%D0%BF%D0%BB%D0%BE%D1%8D%D0%BD%D0%B5%D1%80%D0%B3%D0%B5%D1%82%D0%B8%D0%BA,,,,https://www.hh.ru/search/vacancy
69,Специалист по промышленной кооперации (производство спецнасосов),https://hh.ru/vacancy/48975776?from=vacancy_search_list&query=%D0%A2%D0%B5%D0%BF%D0%BB%D0%BE%D1%8D%D0%BD%D0%B5%D1%80%D0%B3%D0%B5%D1%82%D0%B8%D0%BA,,,,https://www.hh.ru/search/vacancy
70,Главный специалист,https://hh.ru/vacancy/48970090?from=vacancy_search_list&query=%D0%A2%D0%B5%D0%BF%D0%BB%D0%BE%D1%8D%D0%BD%D0%B5%D1%80%D0%B3%D0%B5%D1%82%D0%B8%D0%BA,65000.0,,руб.,https://www.hh.ru/search/vacancy
71,Техник-теплотехник 1 категории,https://hh.ru/vacancy/48942433?from=vacancy_search_list&query=%D0%A2%D0%B5%D0%BF%D0%BB%D0%BE%D1%8D%D0%BD%D0%B5%D1%80%D0%B3%D0%B5%D1%82%D0%B8%D0%BA,,50000,руб.,https://www.hh.ru/search/vacancy
72,Главный специалист по направлению «Теплоэнергетика»,https://hh.ru/vacancy/47403377?from=vacancy_search_list&query=%D0%A2%D0%B5%D0%BF%D0%BB%D0%BE%D1%8D%D0%BD%D0%B5%D1%80%D0%B3%D0%B5%D1%82%D0%B8%D0%BA,,,,https://www.hh.ru/search/vacancy
73,Инженер (электроэнергетика),https://hh.ru/vacancy/48701799?from=vacancy_search_list&query=%D0%A2%D0%B5%D0%BF%D0%BB%D0%BE%D1%8D%D0%BD%D0%B5%D1%80%D0%B3%D0%B5%D1%82%D0%B8%D0%BA,,,,https://www.hh.ru/search/vacancy
74,Инженер (руководитель) проекта,https://hh.ru/vacancy/48971185?from=vacancy_search_list&query=%D0%A2%D0%B5%D0%BF%D0%BB%D0%BE%D1%8D%D0%BD%D0%B5%D1%80%D0%B3%D0%B5%D1%82%D0%B8%D0%BA,,,,https://www.hh.ru/search/vacancy
75,Ведущий инженер-конструктор ПГС / Инженер-конструктор 1 категория,https://hh.ru/vacancy/48960029?from=vacancy_search_list&query=%D0%A2%D0%B5%D0%BF%D0%BB%D0%BE%D1%8D%D0%BD%D0%B5%D1%80%D0%B3%D0%B5%D1%82%D0%B8%D0%BA,70000.0,90000.0,руб.,https://www.hh.ru/search/vacancy
76,Инженер по подбору отопительного оборудования,https://hh.ru/vacancy/47948890?from=vacancy_search_list&query=%D0%A2%D0%B5%D0%BF%D0%BB%D0%BE%D1%8D%D0%BD%D0%B5%D1%80%D0%B3%D0%B5%D1%82%D0%B8%D0%BA,,,,https://www.hh.ru/search/vacancy
77,Инженер по расчету внутренних инженерных систем,https://hh.ru/vacancy/46118054?from=vacancy_search_list&query=%D0%A2%D0%B5%D0%BF%D0%BB%D0%BE%D1%8D%D0%BD%D0%B5%D1%80%D0%B3%D0%B5%D1%82%D0%B8%D0%BA,,,,https://www.hh.ru/search/vacancy
78,Главный инженер,https://hh.ru/vacancy/48281501?from=vacancy_search_list&query=%D0%A2%D0%B5%D0%BF%D0%BB%D0%BE%D1%8D%D0%BD%D0%B5%D1%80%D0%B3%D0%B5%D1%82%D0%B8%D0%BA,140000.0,150000.0,руб.,https://www.hh.ru/search/vacancy
79,Инженер проектировщик АСУ ТП,https://hh.ru/vacancy/47444100?from=vacancy_search_list&query=%D0%A2%D0%B5%D0%BF%D0%BB%D0%BE%D1%8D%D0%BD%D0%B5%D1%80%D0%B3%D0%B5%D1%82%D0%B8%D0%BA,120000.0,120000.0,руб.,https://www.hh.ru/search/vacancy
80,Инженер-конструктор теплотехник,https://hh.ru/vacancy/48771282?from=vacancy_search_list&query=%D0%A2%D0%B5%D0%BF%D0%BB%D0%BE%D1%8D%D0%BD%D0%B5%D1%80%D0%B3%D0%B5%D1%82%D0%B8%D0%BA,,,,https://www.hh.ru/search/vacancy
81,Начальник теплотехнической службы,https://hh.ru/vacancy/48019420?from=vacancy_search_list&query=%D0%A2%D0%B5%D0%BF%D0%BB%D0%BE%D1%8D%D0%BD%D0%B5%D1%80%D0%B3%D0%B5%D1%82%D0%B8%D0%BA,100000.0,130000.0,руб.,https://www.hh.ru/search/vacancy
82,Ведущий инженер по тепломеханическому оборудованию (проект на Ближнем Востоке),https://hh.ru/vacancy/48767399?from=vacancy_search_list&query=%D0%A2%D0%B5%D0%BF%D0%BB%D0%BE%D1%8D%D0%BD%D0%B5%D1%80%D0%B3%D0%B5%D1%82%D0%B8%D0%BA,,,,https://www.hh.ru/search/vacancy
83,Инженер-конструктор 2 категории,https://hh.ru/vacancy/38943005?from=vacancy_search_list&query=%D0%A2%D0%B5%D0%BF%D0%BB%D0%BE%D1%8D%D0%BD%D0%B5%D1%80%D0%B3%D0%B5%D1%82%D0%B8%D0%BA,,,,https://www.hh.ru/search/vacancy
84,Инженер-теплотехник,https://hh.ru/vacancy/45654785?from=vacancy_search_list&query=%D0%A2%D0%B5%D0%BF%D0%BB%D0%BE%D1%8D%D0%BD%D0%B5%D1%80%D0%B3%D0%B5%D1%82%D0%B8%D0%BA,,,,https://www.hh.ru/search/vacancy
85,Инженер-теплотехник (м. Дмитровская),https://hh.ru/vacancy/47008977?from=vacancy_search_list&query=%D0%A2%D0%B5%D0%BF%D0%BB%D0%BE%D1%8D%D0%BD%D0%B5%D1%80%D0%B3%D0%B5%D1%82%D0%B8%D0%BA,,,,https://www.hh.ru/search/vacancy
86,Проектировщик ОВиК/теплотехник,https://hh.ru/vacancy/48935192?from=vacancy_search_list&query=%D0%A2%D0%B5%D0%BF%D0%BB%D0%BE%D1%8D%D0%BD%D0%B5%D1%80%D0%B3%D0%B5%D1%82%D0%B8%D0%BA,,,,https://www.hh.ru/search/vacancy
87,"Инженер-проектировщик ОВ, ВК",https://hh.ru/vacancy/47298287?from=vacancy_search_list&query=%D0%A2%D0%B5%D0%BF%D0%BB%D0%BE%D1%8D%D0%BD%D0%B5%D1%80%D0%B3%D0%B5%D1%82%D0%B8%D0%BA,,,,https://www.hh.ru/search/vacancy
88,Инженер ПТО (энергетика),https://hh.ru/vacancy/48688037?from=vacancy_search_list&query=%D0%A2%D0%B5%D0%BF%D0%BB%D0%BE%D1%8D%D0%BD%D0%B5%D1%80%D0%B3%D0%B5%D1%82%D0%B8%D0%BA,80000.0,100000.0,руб.,https://www.hh.ru/search/vacancy
89,Производитель работ,https://hh.ru/vacancy/48770780?from=vacancy_search_list&query=%D0%A2%D0%B5%D0%BF%D0%BB%D0%BE%D1%8D%D0%BD%D0%B5%D1%80%D0%B3%D0%B5%D1%82%D0%B8%D0%BA,80000.0,95000.0,руб.,https://www.hh.ru/search/vacancy
90,Инженер технической поддержки (трубопроводная арматура),https://hh.ru/vacancy/47883860?from=vacancy_search_list&query=%D0%A2%D0%B5%D0%BF%D0%BB%D0%BE%D1%8D%D0%BD%D0%B5%D1%80%D0%B3%D0%B5%D1%82%D0%B8%D0%BA,65000.0,,руб.,https://www.hh.ru/search/vacancy
91,Инженер-проектировщик (ГСВ / ГСН),https://hh.ru/vacancy/47299425?from=vacancy_search_list&query=%D0%A2%D0%B5%D0%BF%D0%BB%D0%BE%D1%8D%D0%BD%D0%B5%D1%80%D0%B3%D0%B5%D1%82%D0%B8%D0%BA,,,,https://www.hh.ru/search/vacancy
92,Техник по вентиляции и кондиционированию (ученик/стажер),https://hh.ru/vacancy/48888129?from=vacancy_search_list&query=%D0%A2%D0%B5%D0%BF%D0%BB%D0%BE%D1%8D%D0%BD%D0%B5%D1%80%D0%B3%D0%B5%D1%82%D0%B8%D0%BA,25.0,,руб.,https://www.hh.ru/search/vacancy
93,Мастер по ремонту энергетического оборудования,https://hh.ru/vacancy/48700239?from=vacancy_search_list&query=%D0%A2%D0%B5%D0%BF%D0%BB%D0%BE%D1%8D%D0%BD%D0%B5%D1%80%D0%B3%D0%B5%D1%82%D0%B8%D0%BA,60000.0,75000.0,руб.,https://www.hh.ru/search/vacancy
94,Ведущий инженер абонентской группы,https://hh.ru/vacancy/48722854?from=vacancy_search_list&query=%D0%A2%D0%B5%D0%BF%D0%BB%D0%BE%D1%8D%D0%BD%D0%B5%D1%80%D0%B3%D0%B5%D1%82%D0%B8%D0%BA,58950.0,58950.0,руб.,https://www.hh.ru/search/vacancy
95,Старший мастер по ремонту энергетического оборудования,https://hh.ru/vacancy/48700186?from=vacancy_search_list&query=%D0%A2%D0%B5%D0%BF%D0%BB%D0%BE%D1%8D%D0%BD%D0%B5%D1%80%D0%B3%D0%B5%D1%82%D0%B8%D0%BA,70000.0,85000.0,руб.,https://www.hh.ru/search/vacancy
96,Слесарь по обслуживанию тепловых сетей (4 разряд),https://hh.ru/vacancy/48950626?from=vacancy_search_list&query=%D0%A2%D0%B5%D0%BF%D0%BB%D0%BE%D1%8D%D0%BD%D0%B5%D1%80%D0%B3%D0%B5%D1%82%D0%B8%D0%BA,,,,https://www.hh.ru/search/vacancy
97,Инженер по наладке и испытаниям 1 категории,https://hh.ru/vacancy/48695193?from=vacancy_search_list&query=%D0%A2%D0%B5%D0%BF%D0%BB%D0%BE%D1%8D%D0%BD%D0%B5%D1%80%D0%B3%D0%B5%D1%82%D0%B8%D0%BA,50000.0,70000.0,руб.,https://www.hh.ru/search/vacancy
98,Ведущий специалист отдела подключений,https://hh.ru/vacancy/48719605?from=vacancy_search_list&query=%D0%A2%D0%B5%D0%BF%D0%BB%D0%BE%D1%8D%D0%BD%D0%B5%D1%80%D0%B3%D0%B5%D1%82%D0%B8%D0%BA,,,,https://www.hh.ru/search/vacancy
99,Инженер-проектировщик систем отопления и вентиляции,https://hh.ru/vacancy/48702901?from=vacancy_search_list&query=%D0%A2%D0%B5%D0%BF%D0%BB%D0%BE%D1%8D%D0%BD%D0%B5%D1%80%D0%B3%D0%B5%D1%82%D0%B8%D0%BA,,,,https://www.hh.ru/search/vacancy
100,Технический директор торгового центра,https://hh.ru/vacancy/48598041?from=vacancy_search_list&query=%D0%A2%D0%B5%D0%BF%D0%BB%D0%BE%D1%8D%D0%BD%D0%B5%D1%80%D0%B3%D0%B5%D1%82%D0%B8%D0%BA,,100000,руб.,https://www.hh.ru/search/vacancy
101,"Главный энергетик (строительная площадка), Египет",https://hh.ru/vacancy/46060865?from=vacancy_search_list&query=%D0%A2%D0%B5%D0%BF%D0%BB%D0%BE%D1%8D%D0%BD%D0%B5%D1%80%D0%B3%D0%B5%D1%82%D0%B8%D0%BA,,,,https://www.hh.ru/search/vacancy
102,Инженер-теплотехник,https://hh.ru/vacancy/46242467?from=vacancy_search_list&query=%D0%A2%D0%B5%D0%BF%D0%BB%D0%BE%D1%8D%D0%BD%D0%B5%D1%80%D0%B3%D0%B5%D1%82%D0%B8%D0%BA,,,,https://www.hh.ru/search/vacancy
103,Старший техник,https://hh.ru/vacancy/48568884?from=vacancy_search_list&query=%D0%A2%D0%B5%D0%BF%D0%BB%D0%BE%D1%8D%D0%BD%D0%B5%D1%80%D0%B3%D0%B5%D1%82%D0%B8%D0%BA,,50000,руб.,https://www.hh.ru/search/vacancy
104,Теплотехник (на участок тепловых пунктов),https://hh.ru/vacancy/48493747?from=vacancy_search_list&query=%D0%A2%D0%B5%D0%BF%D0%BB%D0%BE%D1%8D%D0%BD%D0%B5%D1%80%D0%B3%D0%B5%D1%82%D0%B8%D0%BA,54000.0,54000.0,руб.,https://www.hh.ru/search/vacancy
105,Начальник газовой котельной (инженер теплотехник)жилого комплекса (Химки),https://hh.ru/vacancy/48483092?from=vacancy_search_list&query=%D0%A2%D0%B5%D0%BF%D0%BB%D0%BE%D1%8D%D0%BD%D0%B5%D1%80%D0%B3%D0%B5%D1%82%D0%B8%D0%BA,80000.0,100000.0,руб.,https://www.hh.ru/search/vacancy
106,Главный специалист (котельное оборудование),https://hh.ru/vacancy/48472029?from=vacancy_search_list&query=%D0%A2%D0%B5%D0%BF%D0%BB%D0%BE%D1%8D%D0%BD%D0%B5%D1%80%D0%B3%D0%B5%D1%82%D0%B8%D0%BA,,,,https://www.hh.ru/search/vacancy
107,Инженер ВАБ (вероятностный анализ безопасности),https://hh.ru/vacancy/48578418?from=vacancy_search_list&query=%D0%A2%D0%B5%D0%BF%D0%BB%D0%BE%D1%8D%D0%BD%D0%B5%D1%80%D0%B3%D0%B5%D1%82%D0%B8%D0%BA,,,,https://www.hh.ru/search/vacancy
108,Инженер по подбору теплообменного и насосного оборудования,https://hh.ru/vacancy/41814879?from=vacancy_search_list&query=%D0%A2%D0%B5%D0%BF%D0%BB%D0%BE%D1%8D%D0%BD%D0%B5%D1%80%D0%B3%D0%B5%D1%82%D0%B8%D0%BA,,,,https://www.hh.ru/search/vacancy
109,Автор студенческих работ (физика и электроника),https://hh.ru/vacancy/48579629?from=vacancy_search_list&query=%D0%A2%D0%B5%D0%BF%D0%BB%D0%BE%D1%8D%D0%BD%D0%B5%D1%80%D0%B3%D0%B5%D1%82%D0%B8%D0%BA,,,,https://www.hh.ru/search/vacancy
110,Инженер-теплотехник,https://hh.ru/vacancy/48459847?from=vacancy_search_list&query=%D0%A2%D0%B5%D0%BF%D0%BB%D0%BE%D1%8D%D0%BD%D0%B5%D1%80%D0%B3%D0%B5%D1%82%D0%B8%D0%BA,60000.0,65000.0,руб.,https://www.hh.ru/search/vacancy
111,Сантехник в БЦ G-10,https://hh.ru/vacancy/47396366?from=vacancy_search_list&query=%D0%A2%D0%B5%D0%BF%D0%BB%D0%BE%D1%8D%D0%BD%D0%B5%D1%80%D0%B3%D0%B5%D1%82%D0%B8%D0%BA,50000.0,,руб.,https://www.hh.ru/search/vacancy
112,Менеджер по продажам,https://hh.ru/vacancy/48601795?from=vacancy_search_list&query=%D0%A2%D0%B5%D0%BF%D0%BB%D0%BE%D1%8D%D0%BD%D0%B5%D1%80%D0%B3%D0%B5%D1%82%D0%B8%D0%BA,75000.0,,руб.,https://www.hh.ru/search/vacancy
113,Главный специалист (турбинное оборудование),https://hh.ru/vacancy/48471985?from=vacancy_search_list&query=%D0%A2%D0%B5%D0%BF%D0%BB%D0%BE%D1%8D%D0%BD%D0%B5%D1%80%D0%B3%D0%B5%D1%82%D0%B8%D0%BA,,,,https://www.hh.ru/search/vacancy
114,Ведущий специалист в отдел по судебной работе с потребителями,https://hh.ru/vacancy/48584476?from=vacancy_search_list&query=%D0%A2%D0%B5%D0%BF%D0%BB%D0%BE%D1%8D%D0%BD%D0%B5%D1%80%D0%B3%D0%B5%D1%82%D0%B8%D0%BA,,63000,руб.,https://www.hh.ru/search/vacancy
115,Инженер ПТО,https://hh.ru/vacancy/46549697?from=vacancy_search_list&query=%D0%A2%D0%B5%D0%BF%D0%BB%D0%BE%D1%8D%D0%BD%D0%B5%D1%80%D0%B3%D0%B5%D1%82%D0%B8%D0%BA,70000.0,100000.0,руб.,https://www.hh.ru/search/vacancy
116,Машинист котлов (РТС Бабушкино-1),https://hh.ru/vacancy/47732492?from=vacancy_search_list&query=%D0%A2%D0%B5%D0%BF%D0%BB%D0%BE%D1%8D%D0%BD%D0%B5%D1%80%D0%B3%D0%B5%D1%82%D0%B8%D0%BA,40000.0,,руб.,https://www.hh.ru/search/vacancy
117,Ведущий инженер по промышленной безопасности проектной документации (котлонадзор),https://hh.ru/vacancy/46094144?from=vacancy_search_list&query=%D0%A2%D0%B5%D0%BF%D0%BB%D0%BE%D1%8D%D0%BD%D0%B5%D1%80%D0%B3%D0%B5%D1%82%D0%B8%D0%BA,,,,https://www.hh.ru/search/vacancy
118,Инженер ПТО,https://hh.ru/vacancy/46535091?from=vacancy_search_list&query=%D0%A2%D0%B5%D0%BF%D0%BB%D0%BE%D1%8D%D0%BD%D0%B5%D1%80%D0%B3%D0%B5%D1%82%D0%B8%D0%BA,,,,https://www.hh.ru/search/vacancy
119,Техник по эксплуатации,https://hh.ru/vacancy/48492355?from=vacancy_search_list&query=%D0%A2%D0%B5%D0%BF%D0%BB%D0%BE%D1%8D%D0%BD%D0%B5%D1%80%D0%B3%D0%B5%D1%82%D0%B8%D0%BA,40000.0,40000.0,руб.,https://www.hh.ru/search/vacancy
